Статистика по данным Google Trends;;;;;;;;;;;;;;;;;;;;;;;;;;;;;;;;;;;;;;;;;;;;
;;;;;;;;;;;;;;;;;;;;;;;;;;;;;;;;;;;;;;;;;;;;
Дата;человеческий фактор;human factor;человеческий фактор;human factor;человек-машина;human-machine;человек-машина;human-machine;инженерная психология;engineering psychology;инженерная психология;engineering psychology;инженер психолог;engineer psychologist;инженер психолог;engineer psychologist;безопасность труда;"safe work
";безопасность труда;"safe work
";охрана труда;occupational Safety and Health;охрана труда;occupational Safety and Health;производственный риск;occupational risk;производственный риск;occupational risk;эргономика;ergonomics;эргономика;ergonomics;психология труда;labor psychology;психология труда;labor psychology;коллектив;professional team;коллектив;professional team;инженерное образование;engineering education;инженерное образование;engineering education
2004-01;24;71;60;16;44;100;19;1;0;67;173;8;0;55;125;7;0;32;188;183;29;62;166;21;0;73;147;8;20;75;143;8;47;0;11;189;18;62;145;13;0;86;164;6
2004-02;37;97;14;3;100;50;1;14;0;67;173;8;0;0;125;183;40;27;109;187;31;96;157;3;0;87;147;2;19;100;148;1;47;100;11;1;9;53;174;28;0;86;164;6
2004-03;50;89;5;6;86;61;3;8;0;27;173;174;0;100;125;1;100;51;1;77;41;100;135;2;0;63;147;15;48;83;4;5;57;74;4;10;11;67;167;6;0;83;164;8
2004-04;55;96;4;5;83;95;4;2;0;85;173;2;0;0;125;183;0;39;188;171;25;87;175;5;0;70;147;11;19;83;148;5;89;0;1;189;17;91;148;2;0;90;164;3
2004-05;48;84;6;9;91;69;2;4;0;49;173;68;0;90;125;2;68;36;18;177;48;100;122;2;0;54;147;24;0;80;187;6;38;50;30;20;11;80;167;3;0;87;164;4
2004-06;20;77;102;11;79;61;5;8;0;67;173;8;0;0;125;183;33;48;131;121;22;86;180;6;0;78;147;6;16;71;159;11;0;66;185;13;0;51;188;36;100;100;1;1
2004-07;26;74;48;13;57;43;12;19;0;52;173;48;0;47;125;8;0;37;188;174;15;79;187;10;0;63;147;15;17;53;155;22;0;52;185;19;8;69;179;5;0;91;164;2
2004-08;25;87;51;7;70;53;9;11;94;42;2;127;0;43;125;11;33;42;131;164;15;95;187;4;0;53;147;26;0;65;187;12;0;96;185;2;7;58;182;18;0;79;164;9
2004-09;25;52;51;128;74;36;7;23;0;82;173;3;0;40;125;14;30;38;141;173;23;76;179;12;0;86;147;4;0;89;187;2;34;44;40;28;16;65;150;7;0;84;164;7
2004-10;28;100;37;1;66;50;10;14;0;100;173;1;0;41;125;13;30;28;141;186;27;74;170;13;0;71;147;10;0;77;187;7;35;45;37;26;0;70;188;4;45;77;3;10
2004-11;39;97;10;3;43;0;21;189;0;45;173;110;0;41;125;13;61;26;36;188;35;67;150;16;0;83;147;5;30;73;101;10;0;91;185;3;13;63;159;11;46;67;2;16
2004-12;31;96;23;5;21;52;121;12;0;62;173;12;0;38;125;15;57;25;49;189;41;48;135;36;0;72;147;9;27;58;117;18;32;56;52;17;16;49;150;48;0;58;164;23
2005-01;27;85;44;8;48;45;17;17;72;46;6;101;0;34;125;16;25;33;156;182;29;51;166;30;0;49;147;35;12;53;172;22;57;75;4;8;0;62;188;13;0;63;164;17
2005-02;35;71;16;16;71;54;8;10;76;68;5;5;0;0;125;183;26;48;153;121;24;84;177;7;0;100;147;1;13;85;169;3;30;59;59;16;9;58;174;18;0;72;164;12
2005-03;20;59;102;64;40;81;24;3;63;52;9;48;0;29;125;22;22;34;164;180;30;78;161;11;0;47;147;38;11;73;174;10;0;82;185;4;10;50;170;42;0;71;164;13
2005-04;33;68;18;24;53;45;13;17;71;50;8;61;0;66;125;5;62;31;33;185;38;65;140;19;0;76;147;7;24;58;130;18;57;74;4;10;13;59;159;16;0;60;164;19
2005-05;31;62;23;44;74;65;7;6;0;36;173;148;0;0;125;183;43;47;99;132;30;83;161;8;0;86;147;4;36;64;61;13;25;64;75;15;9;49;174;48;0;68;164;15
2005-06;22;68;81;24;40;27;24;35;0;32;173;158;0;29;125;22;22;45;164;149;36;71;145;14;0;51;147;31;26;47;122;28;0;48;185;21;7;47;182;62;0;76;164;11
2005-07;28;74;37;13;45;54;18;10;0;69;173;4;0;30;125;19;22;31;164;185;16;56;185;25;100;56;1;20;0;47;187;28;0;33;185;51;7;52;182;32;0;69;164;14
2005-08;14;62;171;44;48;26;17;37;0;47;173;90;0;0;125;183;21;39;168;171;13;80;188;9;0;54;147;24;10;48;177;26;0;64;185;15;9;56;174;21;0;59;164;20
2005-09;33;55;18;101;52;48;14;15;56;43;14;121;0;26;125;31;0;33;188;182;23;64;179;20;0;38;147;65;56;63;1;15;44;67;16;12;17;100;148;1;0;62;164;18
2005-10;23;61;71;51;33;37;37;21;0;47;173;90;0;73;125;3;27;41;150;167;26;60;172;22;0;65;147;12;13;58;169;18;21;81;92;5;4;64;186;9;0;55;164;32
2005-11;23;61;71;51;59;45;11;17;0;36;173;148;0;24;125;41;55;36;57;177;20;52;183;29;80;42;2;50;17;60;155;16;41;27;21;76;8;57;179;20;0;53;164;34
2005-12;23;56;71;88;33;0;37;189;0;24;173;181;0;0;125;183;48;34;81;180;40;36;138;72;0;22;147;189;30;39;101;42;41;26;21;84;14;55;154;24;26;40;4;104
2006-01;30;58;26;72;39;67;26;5;46;60;21;17;0;21;125;67;39;36;113;177;44;46;129;40;0;50;147;33;11;53;174;22;36;46;34;24;8;64;179;9;0;56;164;29
2006-02;23;70;71;19;35;30;31;29;46;41;21;132;0;22;125;58;16;55;179;37;31;67;157;16;0;64;147;13;31;63;95;15;18;40;110;34;12;54;163;26;0;58;164;23
2006-03;16;67;156;28;34;17;33;72;0;43;173;121;0;18;125;89;28;46;147;141;31;66;157;17;0;55;147;21;10;57;177;20;32;34;52;48;11;63;167;11;21;52;5;36
2006-04;23;67;71;28;30;36;45;23;0;47;173;90;0;20;125;73;20;42;170;164;38;55;140;26;0;46;147;42;14;46;166;31;34;52;40;19;18;57;145;20;0;57;164;27
2006-05;16;58;156;72;28;28;55;34;39;25;29;179;0;0;125;183;36;58;121;12;52;65;116;19;0;29;147;151;10;46;177;31;31;40;56;34;18;55;145;24;0;49;164;44
2006-06;22;53;81;119;36;35;29;24;0;26;173;177;0;0;125;183;22;42;164;164;32;58;155;23;0;49;147;35;28;41;111;35;33;43;46;30;5;62;185;13;0;58;164;23
2006-07;7;53;189;119;40;26;24;37;0;26;173;177;0;19;125;80;14;41;182;167;11;50;189;32;0;59;147;17;7;36;182;45;0;42;185;32;9;49;174;48;0;56;164;29
2006-08;28;57;37;79;43;38;21;20;0;19;173;187;0;70;125;4;13;48;183;121;24;56;177;25;0;45;147;44;25;39;127;42;15;20;132;133;12;51;163;36;0;48;164;48
2006-09;28;54;37;111;29;23;50;43;37;46;31;101;0;17;125;102;17;44;177;157;26;53;172;28;0;52;147;28;27;51;117;24;22;75;86;8;6;45;184;81;19;47;6;52
2006-10;21;55;91;101;35;28;31;34;100;40;1;135;0;0;125;183;23;48;160;121;36;53;145;28;0;62;147;16;11;48;174;26;35;28;37;70;10;49;170;48;17;50;7;41
2006-11;20;68;102;24;43;34;21;25;0;35;173;151;0;0;125;183;22;47;164;132;41;47;135;39;50;58;3;18;5;46;184;31;26;28;70;70;11;42;167;121;0;41;164;96
2006-12;22;49;81;154;36;29;29;31;50;22;17;185;0;16;125;116;39;39;113;171;35;30;150;107;0;40;147;56;36;31;61;59;40;35;24;42;15;50;151;42;0;35;164;142
2007-01;19;51;117;139;34;29;33;31;29;28;45;170;0;13;125;143;20;45;170;149;35;37;150;68;45;44;4;45;22;38;136;43;27;20;66;133;12;46;163;72;0;46;164;58
2007-02;24;54;60;111;30;26;45;37;0;27;173;174;0;56;125;6;25;53;156;49;35;50;150;32;0;46;147;42;15;47;162;28;33;72;46;11;14;55;154;24;16;41;8;96
2007-03;29;48;30;161;32;17;40;72;40;22;28;185;0;19;125;80;28;49;147;108;43;48;131;36;0;47;147;38;25;40;127;38;36;35;34;42;14;47;154;62;0;43;164;78
2007-04;15;52;166;128;32;24;40;41;28;27;48;174;0;13;125;143;39;45;113;149;45;48;128;36;0;42;147;50;21;37;139;44;11;29;146;64;8;53;179;28;0;42;164;87
2007-05;24;51;60;139;34;20;33;55;60;34;10;153;0;22;125;58;28;48;147;121;57;49;101;33;0;33;147;107;38;40;43;38;19;21;103;122;13;49;159;48;0;48;164;48
2007-06;23;54;71;111;49;14;15;102;25;56;60;26;0;12;125;148;32;46;136;141;37;48;142;36;0;52;147;28;15;34;162;50;23;17;82;159;14;50;154;42;0;56;164;29
2007-07;14;46;171;172;26;24;61;41;24;23;63;183;0;23;125;49;11;45;185;149;19;42;184;50;0;34;147;95;6;30;183;63;15;13;132;181;13;52;159;32;0;49;164;44
2007-08;20;55;102;101;24;30;78;29;0;28;173;170;84;0;2;183;12;43;184;161;21;48;182;36;0;52;147;28;8;33;181;54;19;45;103;26;9;45;174;81;0;47;164;52
2007-09;20;49;102;154;24;19;78;61;80;36;4;148;0;11;125;152;26;44;153;157;29;43;166;44;0;36;147;80;19;45;148;33;33;43;46;30;18;48;145;54;12;46;11;58
2007-10;17;58;142;72;38;29;27;31;31;30;41;165;0;9;125;162;19;47;173;132;43;43;131;44;0;39;147;60;19;43;148;34;43;31;17;56;14;52;154;32;11;42;13;87
2007-11;16;62;156;44;33;20;37;55;20;20;86;186;0;9;125;162;39;47;113;132;49;41;120;56;0;37;147;72;30;40;101;38;24;24;78;100;21;51;139;36;10;40;16;104
2007-12;18;59;129;64;23;21;92;51;85;30;3;165;77;10;3;156;37;36;118;177;59;26;92;139;0;39;147;60;46;27;8;74;54;76;6;6;30;42;126;121;11;34;13;149
2008-01;29;51;30;139;26;21;61;51;56;32;14;158;0;43;125;11;28;42;147;164;55;33;110;85;0;51;147;31;28;30;111;63;39;26;27;84;23;55;136;24;10;41;16;96
2008-02;29;51;30;139;27;33;58;27;38;25;30;179;0;18;125;89;27;51;150;77;48;42;122;50;0;54;147;24;19;40;148;38;33;30;46;60;20;52;140;32;10;40;16;104
2008-03;24;52;60;128;30;25;45;39;27;18;53;189;0;12;125;148;31;46;139;141;53;44;113;41;0;54;147;24;25;34;127;50;26;18;70;151;22;47;137;62;9;43;19;78
2008-04;20;55;102;101;22;15;107;88;35;31;35;162;0;12;125;148;33;46;131;141;67;43;61;44;0;57;147;19;15;35;162;47;45;34;13;48;25;53;133;28;14;45;9;65
2008-05;30;56;26;88;33;10;37;164;35;24;35;181;0;16;125;116;97;47;2;132;67;42;61;50;27;50;8;33;29;31;105;59;49;18;9;151;29;50;129;42;0;41;164;96
2008-06;24;54;60;111;23;15;92;88;71;32;8;158;0;8;125;166;37;50;118;92;53;42;113;50;0;39;147;60;18;26;152;81;31;15;56;170;23;44;136;93;9;46;19;58
2008-07;14;46;171;172;29;11;50;152;0;18;173;189;0;0;125;183;22;45;164;149;30;37;161;68;0;30;147;141;15;27;162;74;10;27;151;76;13;44;159;93;0;43;164;78
2008-08;14;48;171;161;32;19;40;61;18;29;97;168;0;16;125;116;15;49;181;108;21;36;182;72;0;36;147;80;13;28;169;68;12;15;140;170;19;51;142;36;0;44;164;70
2008-09;20;57;102;79;30;18;45;66;24;32;63;158;58;22;5;58;24;60;158;6;51;42;117;50;25;47;12;38;31;40;95;38;36;28;34;70;21;46;139;72;8;43;23;78
2008-10;22;56;81;88;25;16;67;79;58;30;11;165;52;20;8;73;35;65;126;3;58;36;95;72;0;46;147;42;35;34;72;50;40;35;24;42;29;47;129;62;0;36;164;134
2008-11;21;57;91;79;21;19;121;61;30;28;43;170;0;7;125;169;35;50;126;92;60;32;88;92;0;37;147;72;27;32;117;56;51;45;8;26;39;40;110;149;0;39;164;110
2008-12;20;54;102;111;20;13;137;116;46;27;21;174;55;11;6;152;63;41;30;167;63;24;79;160;0;29;147;151;26;24;122;92;57;24;4;100;40;42;107;121;0;35;164;142
2009-01;21;52;91;128;25;24;67;41;28;38;48;141;100;13;1;143;31;47;139;132;57;29;101;114;22;28;15;164;27;28;117;68;45;29;13;64;25;47;133;62;0;38;164;116
2009-02;22;66;81;32;30;33;45;27;15;24;107;181;0;17;125;102;26;52;153;61;56;42;106;50;0;31;147;127;27;35;117;47;25;18;75;151;33;43;121;105;8;40;23;104
2009-03;22;77;81;11;25;18;67;66;46;31;21;162;0;18;125;89;35;56;126;26;65;42;71;50;0;43;147;47;20;34;143;50;45;27;13;76;33;47;121;62;7;40;32;104
2009-04;33;67;18;28;29;21;50;51;54;29;15;168;0;44;125;9;74;50;9;92;84;40;10;59;0;41;147;53;29;30;105;63;41;28;21;70;32;44;124;93;7;42;32;87
2009-05;24;63;60;38;23;22;92;46;19;31;92;162;0;15;125;126;80;55;5;37;86;39;9;63;0;41;147;53;34;27;78;74;53;27;7;76;35;50;117;42;7;45;32;65
2009-06;13;49;175;154;19;16;155;79;57;37;12;144;0;15;125;126;46;51;90;77;62;39;83;63;0;41;147;53;22;25;136;87;27;30;66;60;30;42;126;121;7;49;32;44
2009-07;21;47;91;167;24;22;78;46;13;47;116;90;0;6;125;172;16;52;179;61;27;36;170;72;20;36;19;80;8;23;181;100;7;15;160;170;19;40;142;149;7;52;32;36
2009-08;11;51;182;139;28;16;55;79;19;36;92;148;0;6;125;172;18;52;176;61;26;41;172;56;20;43;19;47;14;26;166;81;10;26;151;84;24;40;134;149;7;48;32;48
2009-09;17;51;142;139;23;22;92;46;24;53;63;41;0;17;125;102;29;49;144;108;50;41;119;56;0;39;147;60;28;34;111;50;19;39;103;35;26;43;131;105;6;45;47;65
2009-10;27;68;44;24;25;10;67;164;22;42;75;127;0;18;125;89;41;48;107;121;61;43;85;44;0;32;147;116;39;31;37;59;33;25;46;93;39;44;110;93;12;42;11;87
2009-11;25;69;51;21;22;10;107;164;28;45;48;110;0;10;125;156;49;53;77;49;62;39;83;63;18;48;25;36;32;31;88;59;42;29;19;64;36;45;114;81;0;43;164;78
2009-12;24;56;60;88;19;22;155;46;45;32;25;158;0;16;125;116;59;44;45;157;75;26;29;139;35;28;6;164;31;22;95;112;44;25;16;93;46;38;92;168;6;37;47;125
2010-01;19;58;117;72;20;20;137;55;36;45;33;110;0;17;125;102;35;49;126;108;63;34;79;80;0;36;147;80;36;27;61;74;40;25;24;93;36;39;114;158;5;46;64;58
2010-02;17;55;142;101;24;22;78;46;50;32;17;158;0;18;125;89;56;60;52;6;66;41;67;56;0;43;147;47;37;33;50;54;26;34;70;48;35;44;117;93;6;46;47;58
2010-03;27;60;44;58;25;21;67;51;34;45;38;110;0;14;125;134;45;59;95;9;75;43;29;44;15;46;33;42;28;32;111;56;32;32;52;53;77;40;25;149;10;46;16;58
2010-04;24;63;60;38;29;20;50;55;31;37;41;144;37;5;12;174;82;55;4;37;94;40;3;59;16;38;29;65;36;26;61;81;38;23;30;107;46;45;92;81;0;46;164;58
2010-05;29;62;30;44;22;19;107;61;36;34;33;153;37;19;12;80;73;58;10;12;90;39;6;63;0;38;147;65;46;27;8;74;39;26;27;84;63;50;54;42;0;51;164;38
2010-06;21;52;91;128;30;15;45;88;21;43;80;121;0;17;125;102;48;57;81;18;72;39;40;63;0;42;147;50;22;22;136;112;29;20;62;133;39;42;110;121;5;57;64;27
2010-07;11;44;182;177;20;14;137;102;19;38;92;141;0;7;125;169;20;51;170;77;30;35;161;76;0;31;147;127;17;21;155;122;5;17;168;159;27;41;130;137;0;58;164;23
2010-08;12;45;178;175;22;16;107;79;19;39;92;138;0;22;125;58;19;51;173;77;25;38;175;66;0;36;147;80;9;23;179;100;4;29;174;64;33;39;121;158;5;45;64;65
2010-09;20;53;102;119;28;18;55;66;27;42;53;127;0;21;125;67;26;49;153;108;46;37;126;68;14;32;40;116;28;30;111;63;31;31;56;56;42;42;104;121;5;44;64;70
2010-10;19;65;117;34;24;19;78;61;26;48;57;78;0;24;125;41;43;52;99;61;56;35;106;76;27;33;8;107;36;27;61;74;42;26;19;84;39;46;110;72;0;38;164;116
2010-11;25;67;51;28;24;17;78;72;21;53;80;41;0;21;125;67;52;53;67;49;74;32;34;92;13;34;48;95;28;26;111;81;33;35;46;42;41;40;106;149;4;37;85;125
2010-12;20;52;102;128;17;14;177;102;46;36;21;148;0;4;125;175;62;45;33;149;75;23;29;169;26;25;10;181;43;20;17;133;36;20;34;133;54;34;75;186;7;37;32;125
2011-01;17;55;142;101;24;10;78;164;23;57;69;24;0;11;125;152;42;52;103;61;64;30;75;107;36;29;5;151;27;23;117;100;25;27;75;76;39;37;110;177;4;46;85;58
2011-02;23;52;71;128;25;15;67;88;28;42;48;127;59;17;4;102;60;58;40;12;63;33;79;85;26;40;10;56;31;28;95;68;28;28;64;70;42;41;104;137;4;39;85;110
2011-03;17;59;142;64;25;11;67;152;22;34;75;153;0;24;125;41;41;55;107;37;75;39;29;63;0;40;147;56;21;27;139;74;30;11;59;186;46;42;92;121;6;42;47;87
2011-04;17;55;142;101;27;18;58;66;24;40;63;135;28;14;16;134;63;50;30;92;82;31;12;98;12;29;54;151;37;23;50;100;25;28;75;70;44;42;99;121;6;39;47;110
2011-05;21;61;91;51;20;15;137;88;44;40;26;135;0;5;125;174;78;50;6;92;91;33;4;85;11;29;59;151;44;25;12;87;32;35;52;42;48;41;86;137;8;46;23;58
2011-06;17;50;142;147;20;12;137;134;8;54;140;35;0;17;125;102;49;56;77;26;67;35;61;76;0;31;147;127;24;23;130;100;17;18;117;151;35;42;117;121;4;54;85;33
2011-07;13;44;175;177;21;8;121;179;7;45;143;110;0;7;125;169;18;48;176;121;34;31;153;98;0;28;147;164;13;19;169;146;11;18;146;151;30;42;126;121;4;55;85;32
2011-08;12;49;178;154;20;7;137;184;11;60;126;17;26;10;19;156;32;51;136;77;35;33;150;85;0;33;147;107;16;21;159;122;4;37;174;37;32;38;124;168;4;50;85;41
2011-09;22;53;81;119;21;13;121;116;21;59;80;21;0;19;125;80;47;53;85;49;58;35;95;76;11;34;59;95;29;30;105;63;30;46;59;24;43;40;102;149;4;48;85;48
2011-10;21;60;91;58;29;11;50;152;26;55;57;30;0;9;125;162;56;50;52;92;65;35;71;76;10;28;66;164;40;26;30;81;35;47;37;22;45;42;96;121;3;40;108;104
2011-11;18;63;129;38;24;14;78;102;23;67;69;8;0;14;125;134;58;52;47;61;77;33;23;85;25;37;12;72;37;25;50;87;34;21;40;122;50;38;83;168;3;41;108;96
2011-12;19;56;117;88;18;13;166;116;46;51;21;55;47;9;9;162;62;46;33;141;79;22;19;177;20;26;19;178;35;19;72;146;37;32;31;53;67;37;45;177;3;37;108;125
2012-01;19;49;117;154;21;14;121;102;21;57;80;24;0;21;125;67;42;52;103;61;69;30;51;107;19;31;23;127;36;22;61;112;27;26;66;84;43;41;102;137;6;42;47;87
2012-02;16;61;156;51;28;20;55;55;31;53;41;41;22;13;25;143;51;58;71;12;79;33;19;85;19;38;23;65;31;27;95;74;33;21;46;122;53;44;77;93;3;43;108;78
2012-03;17;55;142;101;25;10;67;164;12;48;120;78;0;16;125;116;60;55;40;37;75;34;29;80;9;35;75;87;32;25;88;87;26;25;70;93;56;38;70;168;3;42;108;87
2012-04;22;65;81;34;24;12;78;134;6;46;147;101;0;15;125;126;87;56;3;26;87;32;8;92;14;34;40;95;38;23;43;100;32;34;52;48;55;51;73;36;8;43;23;78
2012-05;18;71;129;16;22;9;107;173;40;47;28;90;0;17;125;102;71;57;11;18;82;33;12;85;22;31;15;127;39;23;37;100;39;21;27;122;51;59;81;16;3;50;108;41
2012-06;15;48;166;161;19;9;155;173;35;53;35;41;0;10;125;156;43;56;99;26;56;32;106;92;0;28;147;164;25;21;127;122;21;14;92;177;41;46;106;72;3;50;108;41
2012-07;13;48;175;161;17;11;177;152;6;44;147;116;0;11;125;152;19;55;173;37;37;31;142;98;14;30;40;141;12;20;172;133;7;20;160;133;34;48;119;54;0;58;164;23
2012-08;9;48;188;161;21;10;121;164;0;56;173;26;0;9;125;162;16;56;179;26;29;29;166;114;0;31;147;127;17;22;155;112;5;22;168;113;35;48;117;54;0;48;164;48
2012-09;19;71;117;16;23;8;92;179;23;63;69;11;0;17;125;102;36;52;121;61;53;33;113;85;9;33;75;107;36;28;61;68;33;35;46;42;49;48;84;54;6;44;47;70
2012-10;23;63;71;38;22;12;107;134;23;51;69;55;0;23;125;49;46;57;90;18;59;33;92;85;16;37;29;72;42;26;22;81;25;33;75;51;58;44;67;93;4;38;85;116
2012-11;16;61;156;51;19;11;155;152;45;48;25;78;38;16;10;116;60;52;40;61;64;30;75;107;8;30;80;141;40;23;30;100;29;37;62;37;57;40;69;149;5;33;64;154
2012-12;22;48;81;161;17;7;177;184;31;44;41;116;19;8;29;166;68;46;18;141;67;21;61;184;12;27;54;174;42;17;22;168;28;21;64;122;66;38;48;168;3;34;108;149
2013-01;17;50;142;147;19;12;155;134;14;46;112;101;0;18;125;89;36;50;121;92;60;27;88;131;15;31;33;127;31;22;95;112;19;21;103;122;46;44;92;93;6;38;47;116
2013-02;18;52;129;128;20;12;137;134;13;52;116;48;19;13;29;143;59;57;45;18;70;31;47;98;16;34;29;95;35;25;72;87;23;22;82;113;59;47;64;62;3;38;108;116
2013-03;15;55;166;101;22;12;107;134;26;48;57;78;0;21;125;67;46;56;90;26;68;30;55;107;7;36;85;80;34;23;78;100;23;24;82;100;64;44;52;93;0;37;164;125
2013-04;20;69;102;21;23;14;92;102;14;50;112;61;17;18;34;89;67;52;23;61;82;32;12;92;7;37;85;72;40;24;30;92;23;23;82;107;59;44;64;93;3;42;108;87
2013-05;18;71;129;16;22;12;107;134;25;48;60;78;17;13;34;143;70;54;13;44;79;30;19;107;18;35;25;87;41;22;26;112;21;21;92;122;60;46;61;72;2;43;128;78
2013-06;16;52;156;128;19;17;155;72;21;42;80;127;0;9;125;162;46;54;90;44;64;29;75;114;15;30;33;141;29;20;105;133;19;19;103;142;53;40;77;149;7;51;32;38
2013-07;15;47;166;167;18;12;166;134;0;46;173;101;17;14;34;134;21;50;168;92;36;29;145;114;0;28;147;164;24;18;130;157;5;22;168;113;44;38;99;168;2;44;128;70
2013-08;11;50;182;147;20;12;137;134;9;46;136;101;17;10;34;156;33;50;131;92;29;28;166;123;7;33;85;107;20;21;143;122;5;31;168;56;47;38;89;168;2;41;128;96
2013-09;17;59;142;64;23;11;92;152;23;55;69;30;16;17;38;102;39;50;113;92;48;31;122;98;14;31;40;127;48;25;4;87;20;35;97;42;62;41;57;137;6;43;47;78
2013-10;22;62;81;44;21;13;121;116;34;47;38;90;0;14;125;134;49;53;77;49;60;30;88;107;23;35;13;87;44;24;12;92;23;26;82;84;67;43;45;105;2;37;128;125
2013-11;20;58;102;72;18;15;166;88;24;55;63;30;0;16;125;116;47;51;85;77;66;28;67;123;7;31;85;127;36;22;61;112;19;17;103;159;65;38;50;168;2;35;128;142
2013-12;19;49;117;154;20;11;137;152;22;48;75;78;0;0,8;125;176;56;44;52;157;68;22;55;177;20;23;19;187;47;18;6;157;25;21;75;122;75;37;29;177;5;32;64;162
2014-01;18;50;129;147;22;9;107;173;28;52;48;48;15;18;40;89;45;51;95;77;57;28;101;123;13;29;48;151;38;21;43;122;21;24;92;100;60;42;61;121;2;37;128;125
2014-02;81;56;2;88;24;16;78;79;11;49;126;68;16;17;38;102;45;56;95;26;55;30;110;107;10;36;66;80;36;23;61;100;14;20;135;133;53;46;77;72;6;36;47;134
2014-03;38;57;12;79;26;19;61;61;20;46;86;101;0;19;125;80;47;55;85;37;58;31;95;98;13;34;48;95;32;23;88;100;19;23;103;107;68;43;42;105;3;37;108;125
2014-04;100;60;1;58;22;14;107;102;13;49;116;68;30;16;14;116;61;55;36;37;74;29;34;114;13;33;48;107;36;22;61;112;23;26;82;84;64;46;52;72;8;36;23;134
2014-05;25;56;51;88;23;11;92;152;23;46;69;101;0;18;125;89;60;100;40;1;72;27;40;131;10;30;66;141;37;20;50;133;20;19;97;142;59;45;64;81;4;42;85;87
2014-06;27;48;44;161;17;0,9;177;187;19;45;92;110;34;14;13;134;54;64;61;4;58;28;95;123;7;37;85;72;35;20;72;133;17;18;117;151;61;49;59;48;5;47;64;52
2014-07;37;50;14;147;16;13;187;116;0;39;173;138;0;14;125;134;25;58;156;12;33;28;154;123;7;30;85;141;22;18;136;157;4;26;174;84;45;46;96;72;3;44;108;70
2014-08;14;50;171;147;18;10;166;164;11;50;126;61;0;18;125;89;23;60;160;6;30;28;161;123;0;28;147;164;17;20;155;133;6;26;164;84;48;41;86;137;2;43;128;78
2014-09;20;60;102;58;19;15;155;88;17;54;100;35;0;20;125;73;46;55;90;37;50;30;119;107;10;35;66;87;37;24;50;92;17;42;117;32;67;44;45;93;7;41;32;96
2014-10;27;61;44;51;22;14;107;102;27;55;53;30;15;13;40;143;60;55;40;37;56;30;106;107;16;33;29;107;37;22;50;112;19;23;103;107;76;43;28;105;2;34;128;149
2014-11;28;60;37;58;18;13;166;116;23;50;69;61;0;16;125;116;49;57;77;18;60;28;88;123;20;31;19;127;40;21;30;122;17;22;117;113;72;43;34;105;3;37;108;125
2014-12;38;53;12;119;19;12;155;134;27;38;53;141;0;16;125;116;68;49;18;108;66;21;67;184;13;28;48;164;44;16;12;176;22;24;86;100;86;38;7;168;7;30;32;177
2015-01;24;59;60;64;20;14;137;102;18;49;97;68;14;21;43;67;46;52;90;61;55;27;110;131;0,6;30;104;141;35;19;72;146;17;20;117;133;62;47;57;62;4;36;85;134
2015-02;39;57;10;79;20;13;137;116;19;44;92;116;0;15;125;126;46;56;90;26;63;28;79;123;7;37;85;72;37;22;50;112;17;23;117;107;65;44;50;93;5;35;64;142
2015-03;28;62;37;44;22;10;107;164;13;45;116;110;0;17;125;102;51;56;71;26;66;31;67;98;9;33;75;107;31;22;95;112;17;24;117;100;76;45;28;81;3;35;108;142
2015-04;28;67;37;28;23;15;92;88;26;48;57;78;14;17;43;102;77;52;7;61;81;28;14;123;18;35;25;87;40;20;30;133;16;23;126;107;73;46;32;72;7;38;32;116
2015-05;23;57;71;79;25;14;67;102;10;41;132;132;21;16;26;116;68;50;18;92;78;26;21;139;15;37;33;72;31;19;95;146;21;23;92;107;71;45;37;81;2;39;128;110
2015-06;19;46;117;172;21;7;121;184;20;42;86;127;0;15;125;126;68;55;18;37;72;28;40;123;6;29;93;151;42;20;22;133;16;17;126;159;55;39;73;158;2;45;128;65
2015-07;16;42;156;184;16;10;187;164;11;47;126;90;14;15;43;126;32;70;136;2;35;26;150;139;0;23;147;187;19;17;148;168;6;16;164;164;44;41;99;137;4;40;85;104
2015-08;19;44;117;177;17;7;177;184;11;53;126;41;0;14;125;134;29;59;144;9;37;26;142;139;0;31;147;127;15;20;162;133;5;20;168;133;51;39;81;158;2;38;128;116
2015-09;26;56;48;88;23;13;92;116;13;52;116;48;13;22;49;58;44;53;97;49;57;28;101;123;12;31;54;127;43;23;17;100;21;35;92;42;73;42;32;121;8;41;23;96
2015-10;28;60;37;58;23;12;92;134;20;46;86;101;0;24;125;41;55;51;57;77;57;26;101;139;14;38;40;65;47;22;6;112;19;24;103;100;72;47;34;62;4;32;85;162
2015-11;32;58;21;72;20;12;137;134;22;48;75;78;13;24;49;41;41;49;107;108;65;26;71;139;14;30;40;141;43;20;17;133;16;22;126;113;79;44;21;93;7;33;32;154
2015-12;32;47;21;167;20;11;137;152;11;37;126;144;0;19;125;80;53;44;64;157;68;20;55;186;14;24;40;184;42;15;22;183;12;16;140;164;94;38;3;168;6;30;47;177
2016-01;29;51;30;139;22;13;107;116;21;54;80;35;0;23;125;49;51;49;71;108;57;25;101;150;9;28;75;164;35;17;72;168;14;19;135;142;67;43;45;105;3;31;108;171
2016-02;60;59;3;64;20;12;137;134;16;47;102;90;0;22;125;58;56;53;52;49;76;28;25;123;9;39;75;60;34;20;78;133;15;18;132;151;80;46;18;72;5;31;64;171
2016-03;31;58;23;72;20;12;137;134;18;46;97;101;13;25;49;34;67;50;23;92;74;26;34;139;14;35;40;87;35;20;72;133;21;12;92;183;89;41;5;137;5;32;64;162
2016-04;36;62;15;44;26;18;61;66;9;47;136;90;14;18;43;89;70;50;13;92;90;28;6;123;6;33;93;107;38;18;43;157;22;21;86;122;82;48;11;54;4;32;85;162
2016-05;22;53;81;119;24;17;78;72;15;48;107;78;27;14;18;134;76;49;8;108;80;26;16;139;9;31;75;127;34;17;78;168;21;18;92;151;82;45;11;81;3;38;108;116
2016-06;18;47;129;167;18;5;166;186;8;43;140;121;0;7;125;169;69;48;15;121;73;25;37;150;9;33;75;107;36;16;61;176;18;11;110;186;63;42;54;121;5;41;64;96
2016-07;12;43;178;180;17;11;177;152;0;38;173;141;28;15;16;126;35;47;126;132;41;22;135;177;6;29;93;151;18;14;152;188;6;12;164;183;46;37;92;177;3;36;108;134
2016-08;10;42;186;184;22;16;107;79;4;52;154;48;0;24;125;41;32;45;136;149;41;24;135;160;0;25;147;181;23;17;133;168;7;21;160;122;52;41;79;137;3;36;108;134
2016-09;17;54;142;111;18;9;166;173;14;55;112;30;14;22;43;58;39;49;113;108;60;26;88;139;6;27;93;174;40;22;30;112;17;25;117;93;78;42;23;121;4;34;85;149
2016-10;30;55;26;101;23;10;92;164;9;49;136;68;20;24;27;41;64;46;28;141;67;25;61;150;12;34;54;95;43;18;17;157;16;27;126;76;81;42;15;121;2;31;128;171
2016-11;28;66;37;32;23;15;92;88;11;50;126;61;27;22;18;58;60;48;40;121;73;24;37;160;11;30;59;141;45;19;9;146;13;19;137;142;81;42;15;121;5;29;64;181
2016-12;43;56;8;88;17;11;177;152;15;42;107;127;13;13;49;143;66;40;26;169;71;18;44;188;6;29;93;151;39;15;37;183;16;14;126;177;96;36;2;180;6;29;47;181
2017-01;23;52;71;128;20;12;137;134;16;60;102;17;0;27;125;28;50;46;74;141;62;24;83;160;5;29;100;151;30;17;101;168;19;25;103;93;70;43;39;105;5;31;64;171
2017-02;24;58;60;72;20;14;137;102;6;60;147;17;0;27;125;28;42;57;103;18;68;25;55;150;12;31;54;127;39;19;37;146;15;29;132;64;84;40;8;149;6;32;47;162
2017-03;18;64;129;35;24;12;78;134;12;50;120;61;12;20;55;73;59;52;45;61;69;26;51;139;15;37;33;72;37;21;50;122;19;19;103;142;87;44;6;93;5;34;64;149
2017-04;20;61;102;51;19;8;155;179;20;48;86;78;13;22;49;58;67;47;23;132;89;24;7;160;14;31;40;127;33;18;83;157;11;18;146;151;81;48;15;54;6;33;47;154
2017-05;18;54;129;111;24;15;78;88;16;51;102;55;0;24;125;41;51;49;71;108;72;24;40;160;0;32;147;116;36;18;61;157;12;25;140;93;74;39;30;158;7;35;32;142
2017-06;18;46;129;172;16;8;187;179;9;46;136;101;0;17;125;102;65;45;27;149;70;22;47;177;9;31;75;127;26;16;122;176;9;15;155;170;58;35;67;183;6;38;47;116
2017-07;21;42;91;184;19;13;155;116;0;54;173;35;0;20;125;73;42;45;103;149;45;22;128;177;0;26;147;178;21;15;139;183;4;14;174;177;45;34;96;186;4;36;85;134
2017-08;16;43;156;180;16;15;187;88;0;52;173;48;13;29;49;22;30;49;141;108;46;22;126;177;0;28;147;164;26;17;122;168;4;20;174;133;48;35;86;183;4;33;85;154
2017-09;19;51;117;139;20;15;137;88;18;60;97;17;52;25;8;34;51;50;71;92;58;24;95;160;6;28;93;164;38;20;43;133;11;26;146;84;69;43;41;105;2;35;128;142
2017-10;24;59;60;64;20;14;137;102;12;66;120;10;0;30;125;19;52;50;67;92;67;24;61;160;11;32;59;116;38;20;43;133;17;20;117;133;80;41;18;137;2;31;128;171
2017-11;24;63;60;38;22;17;107;72;14;61;112;14;25;24;20;41;67;47;23;132;72;22;40;177;8;33;80;107;34;19;78;146;18;18;110;151;79;38;21;168;5;32;64;162
2017-12;16;46;156;172;18;13;166;116;15;50;107;61;12;22;55;58;48;43;81;161;67;17;61;189;13;26;48;178;40;15;30;183;17;21;117;122;100;33;1;188;4;28;85;185
2018-01;18;51;129;139;20;8;137;179;10;58;132;22;12;22;55;58;48;47;81;132;65;23;71;169;5;24;100;184;36;17;61;168;17;21;117;122;60;43;61;105;3;32;108;162
2018-02;43;56;8;88;23;17;92;72;18;52;97;48;0;19;125;80;53;56;64;26;75;25;29;150;0;28;147;164;41;19;26;146;16;31;126;56;72;45;34;81;5;32;64;162
2018-03;19;56;117;88;22;9;107;173;11;52;126;48;12;29;55;22;55;52;57;61;70;24;47;160;10;31;66;127;33;18;83;157;10;16;151;164;82;39;11;158;5;30;64;177
2018-04;20;56;102;88;20;13;137;116;8;53;140;41;18;23;30;49;67;48;23;121;95;23;2;169;10;31;66;127;33;18;83;157;11;15;146;170;78;42;23;121;3;31;108;171
2018-05;19;55;117;101;21;13;121;116;10;61;132;14;12;25;55;34;57;51;49;77;76;23;25;169;10;31;66;127;44;18;12;157;9;14;155;177;70;42;39;121;2;35;128;142
2018-06;16;42;156;184;17;11;177;152;7;56;143;26;0;23;125;49;53;48;64;121;69;21;51;184;10;28;66;164;35;15;72;183;8;11;158;186;55;43;73;105;2;36;128;134
2018-07;11;39;182;188;17;15;177;88;6;48;147;78;12;20;55;73;35;50;126;92;47;21;124;184;5;24;100;184;26;14;122;188;3;14;178;177;50;37;83;177;4;34;85;149
2018-08;10;43;186;180;17;9;177;173;5;46;152;101;0;28;125;25;37;50;118;92;43;25;131;150;0;25;147;181;20;16;143;176;2;16;179;164;55;32;73;189;2;31;128;171
2018-09;17;54;142;111;19;11;155;152;15;59;107;21;24;28;21;25;55;49;57;108;65;25;71;150;0;33;147;107;44;19;12;146;16;31;126;56;67;38;45;168;4;32;85;162
2018-10;19;56;117;88;16;13;187;116;11;54;126;35;17;26;34;31;48;54;81;44;67;25;61;150;7;33;85;107;42;19;22;146;12;17;140;159;81;40;15;149;4;29;85;181
2018-11;16;55;156;101;18;12;166;134;15;51;107;55;0;20;125;73;62;52;33;61;79;24;19;160;10;34;66;95;32;17;88;168;9;15;155;170;77;34;25;186;5;27;64;188
2018-12;15;46;166;172;16;8;187;179;20;48;86;78;0;22;125;58;56;44;52;157;74;18;34;188;21;22;16;189;43;13;17;189;14;17;135;159;89;35;5;183;2;23;128;189
2019-01;16;49;156;154;17;14;177;102;6;48;147;78;23;17;23;102;54;52;61;61;62;24;83;160;7;29;85;151;33;16;83;176;6;15;164;170;62;38;57;168;4;28;85;185
2019-02;15;54;166;111;19;11;155;152;5;44;152;116;0;24;125;41;55;55;57;37;80;25;16;150;5;28;100;164;37;19;50;146;9;19;155;142;80;40;18;149;6;28;47;185
2019-03;17;53;142;119;22;13;107;116;5;44;152;116;11;28;59;25;51;51;71;77;71;25;44;150;5;33;100;107;32;18;88;157;8;15;158;170;82;40;11;149;2;28;128;185
2019-04;17;51;142;139;20;14;137;102;3;43;155;121;0;26;125;31;70;51;13;77;100;23;1;169;5;34;100;95;39;17;37;168;1;19;180;142;71;48;37;54;4;28;85;185
2019-05;19;50;117;147;19;12;155;134;6;47;147;90;11;27;59;28;59;51;45;77;69;23;51;169;12;28;54;164;33;16;83;176;11;15;146;170;70;42;39;121;4;32;85;162
2019-06;16;42;156;184;17;10;177;164;8;49;140;68;23;15;23;126;54;49;61;108;77;22;23;177;10;27;66;174;39;16;37;176;10;13;151;181;63;41;54;137;4;30;85;177
2019-07;10;40;186;187;17;12;177;134;0;41;173;132;11;16;59;116;42;49;103;108;55;23;110;169;5;27;100;174;29;15;105;183;3;11;178;186;47;38;89;168;2;33;128;154
2019-08;11;38;182;189;19;12;155;134;6;49;147;68;17;31;34;17;33;51;131;77;52;22;116;177;0;27;147;174;23;15;133;183;4;19;174;142;58;35;67;183;4;31;85;171
2019-09;17;52;142;128;21;12;121;134;29;51;45;55;23;24;23;41;38;52;116;61;70;26;47;139;5;35;100;87;51;19;2;146;12;30;140;60;77;42;25;121;2;30;128;177
;Пирсон;0,401544442;;;Пирсон;0,776930567;;;Пирсон;-0,240790106;;;Пирсон;-0,122333995;;;Пирсон;0,208547581;;;Пирсон;-0,599739777;;;Пирсон;-0,137978028;;;Пирсон;-0,464532564;;;Пирсон;0,184258827;;;Пирсон;-0,575999841;;;Пирсон;0,212310429;;
;Спирмен;0,523897017;;;Спирмен;0,684123896;;;Спирмен;-0,227738553;;;Спирмен;-0,020081436;;;Спирмен;0,216703516;;;Спирмен;-0,563444926;;;Спирмен;-0,302846385;;;Спирмен;-0,43162435;;;Спирмен;0,344672109;;;Спирмен;-0,602375834;;;Спирмен;-0,250568687;;
;;;;;;;;;;;;;;;;;;;;;;;;;;;;;;;;;;;;;;;;;;;;
;;;;;;;;;;;;;;;;;;;;;;;;;;;;;;;;;;;;;;;;;;;;
;;;;;;;;;;;;;;;;;;;;;;;;;;;;;;;;;;;;;;;;;;;;
;;;;;;;;;;;;;;;;;;;;;;;;;;;;;;;;;;;;;;;;;;;;
;;;;;;;;;;;;;;;;;;;;;;;;;;;;;;;;;;;;;;;;;;;;
;;;;;;;;;;;;;;;;;;;;;;;;;;;;;;;;;;;;;;;;;;;;
;;;;;;;;;;;;;;;;;;;;;;;;;;;;;;;;;;;;;;;;;;;;
;;;;;;;;;;;;;;;;;;;;;;;;;;;;;;;;;;;;;;;;;;;;
;;;;;;;;;;;;;;;;;;;;;;;;;;;;;;;;;;;;;;;;;;;;
;;;;;;;;;;;;;;;;;;;;;;;;;;;;;;;;;;;;;;;;;;;;
;;;;;;;;;;;;;;;;;;;;;;;;;;;;;;;;;;;;;;;;;;;;
;;;;;;;;;;;;;;;;;;;;;;;;;;;;;;;;;;;;;;;;;;;;
;;;;;;;;;;;;;;;;;;;;;;;;;;;;;;;;;;;;;;;;;;;;
;;;;;;;;;;;;;;;;;;;;;;;;;;;;;;;;;;;;;;;;;;;;
;;;;;;;;;;;;;;;;;;;;;;;;;;;;;;;;;;;;;;;;;;;;
;;;;;;;;;;;;;;;;;;;;;;;;;;;;;;;;;;;;;;;;;;;;
;;;;;;;;;;;;;;;;;;;;;;;;;;;;;;;;;;;;;;;;;;;;
;;;;;;;;;;;;;;;;;;;;;;;;;;;;;;;;;;;;;;;;;;;;
;;;;;;;;;;;;;;;;;;;;;;;;;;;;;;;;;;;;;;;;;;;;
;;;;;;;;;;;;;;;;;;;;;;;;;;;;;;;;;;;;;;;;;;;;
;;;;;;;;;;;;;;;;;;;;;;;;;;;;;;;;;;;;;;;;;;;;
;;;;;;;;;;;;;;;;;;;;;;;;;;;;;;;;;;;;;;;;;;;;
;;;;;;;;;;;;;;;;;;;;;;;;;;;;;;;;;;;;;;;;;;;;
;;;;;;;;;;;;;;;;;;;;;;;;;;;;;;;;;;;;;;;;;;;;
;;;;;;;;;;;;;;;;;;;;;;;;;;;;;;;;;;;;;;;;;;;;
;;;;;;;;;;;;;;;;;;;;;;;;;;;;;;;;;;;;;;;;;;;;
;;;;;;;;;;;;;;;;;;;;;;;;;;;;;;;;;;;;;;;;;;;;
;;;;;;;;;;;;;;;;;;;;;;;;;;;;;;;;;;;;;;;;;;;;
;;;;;;;;;;;;;;;;;;;;;;;;;;;;;;;;;;;;;;;;;;;;
;;;;;;;;;;;;;;;;;;;;;;;;;;;;;;;;;;;;;;;;;;;;
;;;;;;;;;;;;;;;;;;;;;;;;;;;;;;;;;;;;;;;;;;;;
;;;;;;;;;;;;;;;;;;;;;;;;;;;;;;;;;;;;;;;;;;;;
;;;;;;;;;;;;;;;;;;;;;;;;;;;;;;;;;;;;;;;;;;;;
;;;;;;;;;;;;;;;;;;;;;;;;;;;;;;;;;;;;;;;;;;;;
;;;;;;;;;;;;;;;;;;;;;;;;;;;;;;;;;;;;;;;;;;;;
;;;;;;;;;;;;;;;;;;;;;;;;;;;;;;;;;;;;;;;;;;;;
;;;;;;;;;;;;;;;;;;;;;;;;;;;;;;;;;;;;;;;;;;;;
;;;;;;;;;;;;;;;;;;;;;;;;;;;;;;;;;;;;;;;;;;;;
;;;;;;;;;;;;;;;;;;;;;;;;;;;;;;;;;;;;;;;;;;;;
;;;;;;;;;;;;;;;;;;;;;;;;;;;;;;;;;;;;;;;;;;;;
;;;;;;;;;;;;;;;;;;;;;;;;;;;;;;;;;;;;;;;;;;;;
;;;;;;;;;;;;;;;;;;;;;;;;;;;;;;;;;;;;;;;;;;;;
;;;;;;;;;;;;;;;;;;;;;;;;;;;;;;;;;;;;;;;;;;;;
;;;;;;;;;;;;;;;;;;;;;;;;;;;;;;;;;;;;;;;;;;;;
;;;;;;;;;;;;;;;;;;;;;;;;;;;;;;;;;;;;;;;;;;;;
;;;;;;;;;;;;;;;;;;;;;;;;;;;;;;;;;;;;;;;;;;;;
;;;;;;;;;;;;;;;;;;;;;;;;;;;;;;;;;;;;;;;;;;;;
;;;;;;;;;;;;;;;;;;;;;;;;;;;;;;;;;;;;;;;;;;;;
;;;;;;;;;;;;;;;;;;;;;;;;;;;;;;;;;;;;;;;;;;;;
;;;;;;;;;;;;;;;;;;;;;;;;;;;;;;;;;;;;;;;;;;;;
;;;;;;;;;;;;;;;;;;;;;;;;;;;;;;;;;;;;;;;;;;;;
;;;;;;;;;;;;;;;;;;;;;;;;;;;;;;;;;;;;;;;;;;;;
;;;;;;;;;;;;;;;;;;;;;;;;;;;;;;;;;;;;;;;;;;;;
;;;;;;;;;;;;;;;;;;;;;;;;;;;;;;;;;;;;;;;;;;;;
;;;;;;;;;;;;;;;;;;;;;;;;;;;;;;;;;;;;;;;;;;;;
;;;;;;;;;;;;;;;;;;;;;;;;;;;;;;;;;;;;;;;;;;;;
;;;;;;;;;;;;;;;;;;;;;;;;;;;;;;;;;;;;;;;;;;;;
;;;;;;;;;;;;;;;;;;;;;;;;;;;;;;;;;;;;;;;;;;;;
;;;;;;;;;;;;;;;;;;;;;;;;;;;;;;;;;;;;;;;;;;;;
;;;;;;;;;;;;;;;;;;;;;;;;;;;;;;;;;;;;;;;;;;;;
;;;;;;;;;;;;;;;;;;;;;;;;;;;;;;;;;;;;;;;;;;;;
;;;;;;;;;;;;;;;;;;;;;;;;;;;;;;;;;;;;;;;;;;;;
;;;;;;;;;;;;;;;;;;;;;;;;;;;;;;;;;;;;;;;;;;;;
;;;;;;;;;;;;;;;;;;;;;;;;;;;;;;;;;;;;;;;;;;;;
;;;;;;;;;;;;;;;;;;;;;;;;;;;;;;;;;;;;;;;;;;;;
;;;;;;;;;;;;;;;;;;;;;;;;;;;;;;;;;;;;;;;;;;;;
;;;;;;;;;;;;;;;;;;;;;;;;;;;;;;;;;;;;;;;;;;;;
;;;;;;;;;;;;;;;;;;;;;;;;;;;;;;;;;;;;;;;;;;;;
;;;;;;;;;;;;;;;;;;;;;;;;;;;;;;;;;;;;;;;;;;;;
;;;;;;;;;;;;;;;;;;;;;;;;;;;;;;;;;;;;;;;;;;;;
;;;;;;;;;;;;;;;;;;;;;;;;;;;;;;;;;;;;;;;;;;;;
;;;;;;;;;;;;;;;;;;;;;;;;;;;;;;;;;;;;;;;;;;;;
;;;;;;;;;;;;;;;;;;;;;;;;;;;;;;;;;;;;;;;;;;;;
;;;;;;;;;;;;;;;;;;;;;;;;;;;;;;;;;;;;;;;;;;;;
;;;;;;;;;;;;;;;;;;;;;;;;;;;;;;;;;;;;;;;;;;;;
;;;;;;;;;;;;;;;;;;;;;;;;;;;;;;;;;;;;;;;;;;;;
;;;;;;;;;;;;;;;;;;;;;;;;;;;;;;;;;;;;;;;;;;;;
;;;;;;;;;;;;;;;;;;;;;;;;;;;;;;;;;;;;;;;;;;;;
;;;;;;;;;;;;;;;;;;;;;;;;;;;;;;;;;;;;;;;;;;;;
;;;;;;;;;;;;;;;;;;;;;;;;;;;;;;;;;;;;;;;;;;;;
;;;;;;;;;;;;;;;;;;;;;;;;;;;;;;;;;;;;;;;;;;;;
;;;;;;;;;;;;;;;;;;;;;;;;;;;;;;;;;;;;;;;;;;;;
;;;;;;;;;;;;;;;;;;;;;;;;;;;;;;;;;;;;;;;;;;;;
;;;;;;;;;;;;;;;;;;;;;;;;;;;;;;;;;;;;;;;;;;;;
;;;;;;;;;;;;;;;;;;;;;;;;;;;;;;;;;;;;;;;;;;;;
;;;;;;;;;;;;;;;;;;;;;;;;;;;;;;;;;;;;;;;;;;;;
;;;;;;;;;;;;;;;;;;;;;;;;;;;;;;;;;;;;;;;;;;;;
;;;;;;;;;;;;;;;;;;;;;;;;;;;;;;;;;;;;;;;;;;;;
;;;;;;;;;;;;;;;;;;;;;;;;;;;;;;;;;;;;;;;;;;;;
;;;;;;;;;;;;;;;;;;;;;;;;;;;;;;;;;;;;;;;;;;;;
;;;;;;;;;;;;;;;;;;;;;;;;;;;;;;;;;;;;;;;;;;;;
;;;;;;;;;;;;;;;;;;;;;;;;;;;;;;;;;;;;;;;;;;;;
;;;;;;;;;;;;;;;;;;;;;;;;;;;;;;;;;;;;;;;;;;;;
;;;;;;;;;;;;;;;;;;;;;;;;;;;;;;;;;;;;;;;;;;;;
;;;;;;;;;;;;;;;;;;;;;;;;;;;;;;;;;;;;;;;;;;;;
;;;;;;;;;;;;;;;;;;;;;;;;;;;;;;;;;;;;;;;;;;;;
;;;;;;;;;;;;;;;;;;;;;;;;;;;;;;;;;;;;;;;;;;;;
;;;;;;;;;;;;;;;;;;;;;;;;;;;;;;;;;;;;;;;;;;;;
;;;;;;;;;;;;;;;;;;;;;;;;;;;;;;;;;;;;;;;;;;;;
;;;;;;;;;;;;;;;;;;;;;;;;;;;;;;;;;;;;;;;;;;;;
;;;;;;;;;;;;;;;;;;;;;;;;;;;;;;;;;;;;;;;;;;;;
;;;;;;;;;;;;;;;;;;;;;;;;;;;;;;;;;;;;;;;;;;;;
;;;;;;;;;;;;;;;;;;;;;;;;;;;;;;;;;;;;;;;;;;;;
;;;;;;;;;;;;;;;;;;;;;;;;;;;;;;;;;;;;;;;;;;;;
;;;;;;;;;;;;;;;;;;;;;;;;;;;;;;;;;;;;;;;;;;;;
;;;;;;;;;;;;;;;;;;;;;;;;;;;;;;;;;;;;;;;;;;;;
;;;;;;;;;;;;;;;;;;;;;;;;;;;;;;;;;;;;;;;;;;;;
;;;;;;;;;;;;;;;;;;;;;;;;;;;;;;;;;;;;;;;;;;;;
;;;;;;;;;;;;;;;;;;;;;;;;;;;;;;;;;;;;;;;;;;;;
;;;;;;;;;;;;;;;;;;;;;;;;;;;;;;;;;;;;;;;;;;;;
;;;;;;;;;;;;;;;;;;;;;;;;;;;;;;;;;;;;;;;;;;;;
;;;;;;;;;;;;;;;;;;;;;;;;;;;;;;;;;;;;;;;;;;;;
;;;;;;;;;;;;;;;;;;;;;;;;;;;;;;;;;;;;;;;;;;;;
;;;;;;;;;;;;;;;;;;;;;;;;;;;;;;;;;;;;;;;;;;;;
;;;;;;;;;;;;;;;;;;;;;;;;;;;;;;;;;;;;;;;;;;;;
;;;;;;;;;;;;;;;;;;;;;;;;;;;;;;;;;;;;;;;;;;;;
;;;;;;;;;;;;;;;;;;;;;;;;;;;;;;;;;;;;;;;;;;;;
;;;;;;;;;;;;;;;;;;;;;;;;;;;;;;;;;;;;;;;;;;;;
;;;;;;;;;;;;;;;;;;;;;;;;;;;;;;;;;;;;;;;;;;;;
;;;;;;;;;;;;;;;;;;;;;;;;;;;;;;;;;;;;;;;;;;;;
;;;;;;;;;;;;;;;;;;;;;;;;;;;;;;;;;;;;;;;;;;;;
;;;;;;;;;;;;;;;;;;;;;;;;;;;;;;;;;;;;;;;;;;;;
;;;;;;;;;;;;;;;;;;;;;;;;;;;;;;;;;;;;;;;;;;;;
;;;;;;;;;;;;;;;;;;;;;;;;;;;;;;;;;;;;;;;;;;;;
;;;;;;;;;;;;;;;;;;;;;;;;;;;;;;;;;;;;;;;;;;;;
;;;;;;;;;;;;;;;;;;;;;;;;;;;;;;;;;;;;;;;;;;;;
;;;;;;;;;;;;;;;;;;;;;;;;;;;;;;;;;;;;;;;;;;;;
;;;;;;;;;;;;;;;;;;;;;;;;;;;;;;;;;;;;;;;;;;;;
;;;;;;;;;;;;;;;;;;;;;;;;;;;;;;;;;;;;;;;;;;;;
;;;;;;;;;;;;;;;;;;;;;;;;;;;;;;;;;;;;;;;;;;;;
;;;;;;;;;;;;;;;;;;;;;;;;;;;;;;;;;;;;;;;;;;;;
;;;;;;;;;;;;;;;;;;;;;;;;;;;;;;;;;;;;;;;;;;;;
;;;;;;;;;;;;;;;;;;;;;;;;;;;;;;;;;;;;;;;;;;;;
;;;;;;;;;;;;;;;;;;;;;;;;;;;;;;;;;;;;;;;;;;;;
;;;;;;;;;;;;;;;;;;;;;;;;;;;;;;;;;;;;;;;;;;;;
;;;;;;;;;;;;;;;;;;;;;;;;;;;;;;;;;;;;;;;;;;;;
;;;;;;;;;;;;;;;;;;;;;;;;;;;;;;;;;;;;;;;;;;;;
;;;;;;;;;;;;;;;;;;;;;;;;;;;;;;;;;;;;;;;;;;;;
;;;;;;;;;;;;;;;;;;;;;;;;;;;;;;;;;;;;;;;;;;;;
;;;;;;;;;;;;;;;;;;;;;;;;;;;;;;;;;;;;;;;;;;;;
;;;;;;;;;;;;;;;;;;;;;;;;;;;;;;;;;;;;;;;;;;;;
;;;;;;;;;;;;;;;;;;;;;;;;;;;;;;;;;;;;;;;;;;;;
;;;;;;;;;;;;;;;;;;;;;;;;;;;;;;;;;;;;;;;;;;;;
;;;;;;;;;;;;;;;;;;;;;;;;;;;;;;;;;;;;;;;;;;;;
;;;;;;;;;;;;;;;;;;;;;;;;;;;;;;;;;;;;;;;;;;;;
;;;;;;;;;;;;;;;;;;;;;;;;;;;;;;;;;;;;;;;;;;;;
;;;;;;;;;;;;;;;;;;;;;;;;;;;;;;;;;;;;;;;;;;;;
;;;;;;;;;;;;;;;;;;;;;;;;;;;;;;;;;;;;;;;;;;;;
;;;;;;;;;;;;;;;;;;;;;;;;;;;;;;;;;;;;;;;;;;;;
;;;;;;;;;;;;;;;;;;;;;;;;;;;;;;;;;;;;;;;;;;;;
;;;;;;;;;;;;;;;;;;;;;;;;;;;;;;;;;;;;;;;;;;;;
;;;;;;;;;;;;;;;;;;;;;;;;;;;;;;;;;;;;;;;;;;;;
;;;;;;;;;;;;;;;;;;;;;;;;;;;;;;;;;;;;;;;;;;;;
;;;;;;;;;;;;;;;;;;;;;;;;;;;;;;;;;;;;;;;;;;;;
;;;;;;;;;;;;;;;;;;;;;;;;;;;;;;;;;;;;;;;;;;;;
;;;;;;;;;;;;;;;;;;;;;;;;;;;;;;;;;;;;;;;;;;;;
;;;;;;;;;;;;;;;;;;;;;;;;;;;;;;;;;;;;;;;;;;;;
;;;;;;;;;;;;;;;;;;;;;;;;;;;;;;;;;;;;;;;;;;;;
;;;;;;;;;;;;;;;;;;;;;;;;;;;;;;;;;;;;;;;;;;;;
;;;;;;;;;;;;;;;;;;;;;;;;;;;;;;;;;;;;;;;;;;;;
;;;;;;;;;;;;;;;;;;;;;;;;;;;;;;;;;;;;;;;;;;;;
;;;;;;;;;;;;;;;;;;;;;;;;;;;;;;;;;;;;;;;;;;;;
;;;;;;;;;;;;;;;;;;;;;;;;;;;;;;;;;;;;;;;;;;;;
;;;;;;;;;;;;;;;;;;;;;;;;;;;;;;;;;;;;;;;;;;;;
;;;;;;;;;;;;;;;;;;;;;;;;;;;;;;;;;;;;;;;;;;;;
;;;;;;;;;;;;;;;;;;;;;;;;;;;;;;;;;;;;;;;;;;;;
;;;;;;;;;;;;;;;;;;;;;;;;;;;;;;;;;;;;;;;;;;;;
;;;;;;;;;;;;;;;;;;;;;;;;;;;;;;;;;;;;;;;;;;;;
;;;;;;;;;;;;;;;;;;;;;;;;;;;;;;;;;;;;;;;;;;;;
;;;;;;;;;;;;;;;;;;;;;;;;;;;;;;;;;;;;;;;;;;;;
;;;;;;;;;;;;;;;;;;;;;;;;;;;;;;;;;;;;;;;;;;;;
;;;;;;;;;;;;;;;;;;;;;;;;;;;;;;;;;;;;;;;;;;;;
;;;;;;;;;;;;;;;;;;;;;;;;;;;;;;;;;;;;;;;;;;;;
;;;;;;;;;;;;;;;;;;;;;;;;;;;;;;;;;;;;;;;;;;;;
;;;;;;;;;;;;;;;;;;;;;;;;;;;;;;;;;;;;;;;;;;;;
;;;;;;;;;;;;;;;;;;;;;;;;;;;;;;;;;;;;;;;;;;;;
;;;;;;;;;;;;;;;;;;;;;;;;;;;;;;;;;;;;;;;;;;;;
;;;;;;;;;;;;;;;;;;;;;;;;;;;;;;;;;;;;;;;;;;;;
;;;;;;;;;;;;;;;;;;;;;;;;;;;;;;;;;;;;;;;;;;;;
;;;;;;;;;;;;;;;;;;;;;;;;;;;;;;;;;;;;;;;;;;;;
;;;;;;;;;;;;;;;;;;;;;;;;;;;;;;;;;;;;;;;;;;;;
;;;;;;;;;;;;;;;;;;;;;;;;;;;;;;;;;;;;;;;;;;;;
;;;;;;;;;;;;;;;;;;;;;;;;;;;;;;;;;;;;;;;;;;;;
;;;;;;;;;;;;;;;;;;;;;;;;;;;;;;;;;;;;;;;;;;;;
;;;;;;;;;;;;;;;;;;;;;;;;;;;;;;;;;;;;;;;;;;;;
;;;;;;;;;;;;;;;;;;;;;;;;;;;;;;;;;;;;;;;;;;;;
;;;;;;;;;;;;;;;;;;;;;;;;;;;;;;;;;;;;;;;;;;;;
;;;;;;;;;;;;;;;;;;;;;;;;;;;;;;;;;;;;;;;;;;;;
;;;;;;;;;;;;;;;;;;;;;;;;;;;;;;;;;;;;;;;;;;;;
;;;;;;;;;;;;;;;;;;;;;;;;;;;;;;;;;;;;;;;;;;;;
;;;;;;;;;;;;;;;;;;;;;;;;;;;;;;;;;;;;;;;;;;;;
;;;;;;;;;;;;;;;;;;;;;;;;;;;;;;;;;;;;;;;;;;;;
;;;;;;;;;;;;;;;;;;;;;;;;;;;;;;;;;;;;;;;;;;;;
